winner,team_A_champ_1,team_A_champ_2,team_A_champ_3,team_A_champ_4,team_A_champ_5,team_B_champ_1,team_B_champ_2,team_B_champ_3,team_B_champ_4,team_B_champ_5
1,12,57,67,112,140,116,117,119,209,210
1,2,54,107,140,209,71,94,112,131,208
0,2,3,117,131,208,88,110,112,140,209
0,12,88,110,117,119,2,57,140,209,214
0,39,53,54,116,213,88,94,139,140,214
1,2,21,78,110,112,67,103,107,131,208
1,12,88,110,139,213,2,112,119,141,214
0,2,12,72,107,112,3,88,103,110,119
1,2,4,70,117,119,12,88,110,112,208
0,61,88,98,110,118,2,57,139,212,213
0,57,70,120,140,209,88,110,119,128,212
1,3,54,107,140,211,67,106,110,131,208
1,57,93,116,117,119,67,110,112,208,214
0,12,67,90,210,213,54,130,131,208,211
1,12,41,88,110,140,2,3,112,130,213
0,2,93,110,112,140,117,130,211,213,214
1,57,78,88,112,138,4,54,116,140,209
0,4,50,88,140,209,67,78,107,117,213
1,3,54,88,107,140,78,123,139,210,211
1,57,88,139,140,214,54,78,116,210,213
0,3,4,41,88,140,12,54,75,95,119
0,3,54,67,78,213,78,94,117,140,211
0,2,57,128,140,209,70,88,110,131,208
1,4,78,116,117,140,12,14,110,120,213
0,12,67,94,117,119,54,57,78,116,213
0,2,57,81,140,214,3,6,39,208,211
0,4,12,67,96,140,39,78,90,116,119
0,2,76,78,110,119,3,21,67,112,210
1,54,67,110,119,131,70,123,140,211,214
1,12,57,67,112,119,3,116,117,131,135
0,3,12,21,117,120,57,67,78,96,119
0,70,88,93,94,140,3,30,117,210,213
0,94,112,116,119,214,54,57,140,209,211
1,3,67,112,123,140,12,110,128,211,213
1,53,88,107,112,140,54,57,67,78,213
1,3,4,117,140,211,57,73,88,213,214
0,42,71,112,131,208,2,76,107,140,212
1,7,88,93,128,140,3,21,67,75,210
1,67,70,78,103,140,2,54,94,208,209
0,3,90,116,119,123,70,88,110,140,209
0,3,54,110,116,140,57,78,88,112,208
1,3,50,100,107,140,22,54,93,116,210
0,57,70,103,120,140,12,110,116,128,208
1,2,3,98,128,208,54,63,78,211,213
1,13,53,54,88,140,67,78,110,112,208
0,12,54,88,107,140,2,53,119,130,139
0,88,93,107,139,140,41,57,67,131,208
1,67,83,94,117,140,57,78,112,116,213
1,57,75,88,93,140,110,112,211,213,214
0,2,3,112,137,140,67,103,107,213,214
1,39,57,68,137,140,67,107,112,213,214
1,57,67,112,137,140,2,107,141,213,214
0,70,71,110,131,208,67,107,117,140,214
1,2,54,55,107,135,12,70,71,119,130
1,55,67,107,117,135,71,103,110,131,208
1,12,57,70,88,140,2,3,4,112,208
0,2,3,10,107,208,12,88,110,139,140
0,2,41,57,131,208,54,70,123,140,211
1,2,12,110,138,139,70,88,107,140,209
1,2,57,93,112,140,12,88,110,141,213
0,3,39,57,68,119,12,21,88,107,112
0,2,4,12,15,70,18,54,78,119,211
0,54,57,67,140,209,70,94,100,131,208
1,68,110,131,134,208,76,123,135,209,211
0,54,67,93,103,140,41,107,131,208,211
0,3,54,110,116,138,70,78,94,100,140
1,12,57,103,116,140,41,107,131,208,211
1,54,67,70,75,140,12,106,208,209,211
1,2,21,70,75,212,4,88,131,139,208
0,3,21,67,93,117,78,107,112,140,211
0,50,70,88,107,119,75,78,112,140,211
0,54,67,103,131,138,12,57,112,140,211
1,4,12,54,116,119,2,78,110,128,140
1,57,112,137,140,211,7,41,88,213,214
0,67,70,78,103,140,53,54,116,123,213
0,41,57,93,140,211,88,107,131,139,208
0,12,60,70,107,213,54,67,123,140,214
0,4,5,21,90,209,54,57,116,131,208
1,2,70,107,131,208,57,139,140,209,211
0,2,70,110,131,138,78,88,94,139,140
1,70,110,120,140,214,71,107,128,209,213
1,22,54,67,78,123,2,12,90,107,213
0,70,78,88,107,140,2,3,112,126,212
1,3,70,116,124,140,12,41,210,211,213
1,12,22,39,71,73,54,93,95,112,140
1,2,39,141,212,214,54,75,140,209,211
1,78,88,110,119,128,12,73,75,100,208
1,57,78,88,98,140,2,21,70,94,212
1,12,21,54,57,211,38,70,78,120,213
1,21,54,100,110,212,67,103,107,140,209
1,12,54,94,126,140,22,116,123,131,139
0,7,90,131,208,211,73,121,134,210,214
0,4,67,93,128,140,12,57,76,100,213
1,21,70,78,100,141,4,88,119,131,134
1,12,54,56,94,208,4,90,116,140,209
1,4,54,71,137,140,3,88,90,118,208
0,3,4,88,90,140,75,93,117,120,212
0,4,54,67,137,138,43,78,100,123,212
1,4,12,24,88,140,78,117,119,123,211
1,3,67,70,119,123,4,93,100,128,140
1,4,41,67,119,131,12,70,75,100,140
0,3,12,15,117,120,70,88,119,130,136
1,3,54,55,61,107,12,41,57,211,213
0,41,57,68,137,140,54,210,211,213,214
0,4,67,78,112,213,3,54,61,210,211
0,75,78,88,107,140,2,3,76,135,209
0,2,107,117,119,209,112,140,210,211,214
1,2,12,61,75,117,70,107,112,116,213
1,21,41,75,93,211,4,54,67,131,208
1,70,94,131,140,211,2,107,112,212,214
0,2,70,115,131,208,57,88,140,209,210
1,3,54,57,116,140,2,21,76,107,212
1,21,54,67,89,209,2,70,110,140,214
0,4,12,100,119,139,7,70,88,131,208
1,57,68,112,131,208,54,110,211,213,214
1,21,41,57,88,93,13,78,100,117,119
1,70,72,78,88,141,4,67,128,140,214
1,57,62,78,88,208,12,70,100,141,213
0,2,61,78,110,117,3,54,88,94,140
1,3,24,123,140,211,4,88,139,209,213
1,88,93,123,139,212,2,107,117,208,214
1,39,75,88,118,119,68,93,107,117,140
1,18,54,78,88,107,3,57,116,117,140
0,12,54,67,107,119,41,57,68,131,208
1,13,70,88,119,212,4,103,137,140,211
1,39,53,68,123,212,76,78,116,210,213
0,40,70,75,100,140,54,57,67,213,214
0,62,70,71,117,207,2,12,107,139,208
1,61,116,128,131,210,70,140,209,211,214
0,12,57,67,112,140,106,107,137,138,211
0,14,68,130,140,209,110,112,116,138,214
1,2,57,70,137,138,68,94,139,140,212
1,78,100,112,130,213,52,62,119,209,211
1,12,94,100,128,140,57,103,209,211,213
0,57,78,116,117,138,68,94,112,137,140
1,39,57,68,135,142,71,94,112,119,122
0,12,70,88,130,140,2,57,137,141,213
0,41,57,68,140,214,2,93,94,112,213
0,12,67,106,107,140,4,54,68,70,207
0,54,61,71,130,207,14,68,110,140,212
1,12,70,88,107,140,57,78,128,134,138
0,3,57,71,117,140,12,36,90,130,135
0,2,70,78,126,207,12,57,112,211,213
1,2,22,103,130,212,50,71,107,131,208
0,7,67,78,112,138,2,54,57,140,214
1,12,70,123,135,211,57,88,128,213,214
0,4,22,67,117,118,96,137,140,210,211
1,2,75,78,130,138,3,57,68,128,213
0,2,4,128,137,138,55,71,130,139,140
1,3,4,68,117,207,2,103,140,141,212
1,39,68,75,140,214,78,94,112,138,211
1,21,54,57,68,214,3,100,118,128,208
1,21,54,78,116,130,4,131,139,208,211
1,68,70,98,123,208,54,57,137,138,211
1,3,54,67,119,122,4,12,90,116,213
0,12,57,70,88,140,4,68,117,137,138
1,4,61,90,116,214,3,117,119,210,211
1,3,68,70,130,207,57,78,88,103,208
0,4,61,68,112,118,13,54,55,140,214
1,57,78,88,125,207,4,68,128,140,214
1,12,50,88,107,138,67,78,117,140,210
0,28,39,71,78,140,58,116,130,138,214
1,4,21,70,100,128,58,68,78,140,141
1,21,57,68,103,131,2,107,112,207,212
1,2,12,112,119,126,68,103,130,131,135
0,13,21,68,128,212,57,112,140,211,214
0,3,21,94,117,133,110,112,131,208,211
0,61,94,100,112,118,54,67,110,212,213
1,3,21,70,117,123,57,68,112,138,214
0,3,88,128,131,208,2,75,140,212,214
0,2,54,57,131,138,55,70,107,140,143
0,2,71,75,110,140,70,88,93,107,213
1,2,57,112,137,138,56,102,107,131,140
0,12,18,54,68,130,2,57,128,140,214
0,2,57,131,139,208,88,122,128,130,207
0,12,100,130,139,140,57,120,128,131,138
0,7,70,100,137,140,57,68,128,138,212
1,68,107,112,131,138,14,57,78,140,211
0,2,21,128,141,214,57,70,100,140,212
1,57,68,134,138,214,94,116,128,140,209
0,2,21,54,57,209,90,140,210,211,214
1,4,49,88,128,140,21,54,100,107,212
0,12,90,100,110,138,14,57,78,140,211
0,12,54,107,116,119,68,94,112,131,208
0,13,40,116,117,208,4,88,209,213,214
0,12,67,117,140,210,3,54,130,211,213
0,21,78,103,116,130,53,57,58,67,207
0,2,57,78,119,139,3,88,94,112,140
1,3,24,78,116,138,4,68,117,140,209
0,49,68,112,130,140,2,7,43,122,207
0,2,50,110,122,207,41,88,107,131,208
0,4,39,68,78,140,107,112,116,213,214
0,4,39,78,116,140,41,68,93,130,213
0,4,61,68,103,131,54,67,140,209,214
0,2,54,55,130,140,68,90,107,137,138
1,54,57,67,78,208,36,107,112,140,209
0,54,57,67,140,209,2,90,107,131,208
0,2,54,94,138,214,12,57,139,140,211
0,4,71,82,117,131,70,83,112,116,140
0,12,57,68,70,140,54,71,107,137,213
0,14,57,88,137,140,54,57,71,213,214
0,68,93,112,130,140,71,89,107,138,214
1,12,13,14,88,140,54,67,130,213,214
0,2,93,107,117,208,70,120,130,140,212
0,67,94,112,137,140,57,68,71,208,214
0,7,12,71,103,140,2,31,78,130,138
1,4,55,67,71,135,18,68,130,139,214
0,4,54,55,131,135,13,93,106,116,119
1,83,116,123,137,138,55,57,117,140,214
0,54,68,130,137,140,57,71,112,213,214
0,12,21,41,107,116,57,100,117,212,214
1,39,49,57,71,140,68,76,122,207,210
1,2,12,57,117,208,68,112,130,137,138
1,3,21,24,116,130,68,78,107,117,140
1,12,57,68,112,140,4,128,138,211,214
1,14,49,116,140,209,70,71,75,213,214
1,5,54,137,138,212,57,139,211,213,214
0,21,52,62,70,212,55,57,112,131,207
1,54,64,107,131,208,49,67,112,140,209
1,14,68,107,140,214,103,116,131,208,209
1,54,57,71,93,140,12,70,88,138,212
1,57,70,88,119,214,107,116,117,140,209
1,2,12,70,138,212,57,68,128,140,214
0,12,57,68,90,140,2,54,115,138,214
1,71,98,107,117,208,94,112,211,213,214
1,12,61,88,94,112,2,75,110,140,214
1,2,54,61,78,130,57,68,90,137,140
1,14,93,107,140,211,52,54,141,207,214
1,54,100,110,137,138,57,72,90,211,214
0,2,70,78,94,207,12,54,71,212,213
1,36,93,117,140,141,68,90,130,131,208
1,2,107,112,137,138,41,71,126,140,214
0,3,12,88,117,119,56,103,123,140,214
1,12,21,54,67,107,70,71,130,137,138
0,54,57,67,131,208,50,68,78,130,207
0,68,103,107,122,207,36,130,139,140,214
0,70,71,78,107,140,2,93,128,130,212
1,12,68,107,128,208,57,70,88,138,214
1,48,64,107,112,131,49,76,123,140,211
0,12,110,117,140,211,90,116,130,131,208
0,68,70,107,131,208,110,112,140,211,214
0,4,12,116,117,207,7,83,100,140,214
1,21,54,57,68,131,36,49,70,130,138
0,54,78,107,116,140,52,57,70,213,214
0,12,21,24,68,130,42,78,116,117,140
1,2,4,41,137,138,57,100,134,140,214
0,78,110,120,139,140,73,88,138,210,214
1,36,90,107,131,138,71,94,139,140,214
1,14,70,88,107,135,2,94,139,140,214
0,68,90,107,131,208,12,117,123,140,211
0,21,50,57,68,214,39,71,78,107,213
0,12,112,123,140,211,2,110,138,139,209
0,54,57,61,67,131,68,70,94,140,214
0,12,57,88,112,140,68,106,119,141,214
1,3,67,78,112,123,2,54,57,119,214
1,31,78,88,99,110,68,93,103,107,207
1,34,57,68,131,208,71,130,139,213,214
0,13,68,78,106,140,4,54,116,213,214
0,57,68,93,128,140,41,71,107,131,208
1,12,94,112,116,138,57,68,93,140,141
1,57,78,117,123,211,54,71,116,140,210
1,2,78,98,130,138,68,110,117,131,208
1,49,70,91,107,140,54,116,122,207,209
0,12,39,70,130,140,42,64,112,138,214
1,31,70,88,119,130,12,21,41,57,211
0,14,88,107,119,137,2,13,54,122,207
1,12,54,55,130,140,70,78,107,120,138
1,8,12,88,130,140,81,211,212,213,214
1,2,41,53,130,212,54,57,68,122,207
0,54,57,88,138,214,12,112,130,140,211
1,3,49,116,117,140,13,70,88,122,207
0,2,70,72,107,136,88,112,130,131,207
0,54,57,100,131,135,93,112,130,208,211
1,12,68,75,123,140,94,100,112,135,214
1,12,43,54,61,88,2,70,72,107,214
0,2,14,93,208,212,54,88,130,207,209
1,14,57,68,131,208,116,128,130,140,209
1,2,12,62,70,140,68,110,112,138,214
0,12,68,107,112,135,21,54,116,209,214
0,4,12,39,116,140,78,88,112,138,141
1,14,68,107,137,140,53,109,128,207,212
1,2,14,22,57,118,55,117,130,137,140
1,57,70,100,137,140,3,68,117,138,214
0,2,12,14,21,57,55,78,112,130,208
1,3,100,112,140,214,58,70,107,211,213
1,14,68,70,107,140,2,21,96,110,214
1,36,78,112,115,138,41,57,68,140,214
1,13,54,61,137,211,2,70,130,140,212
1,8,78,100,140,209,57,93,112,138,211
0,57,68,78,103,138,42,55,139,140,214
0,12,55,94,112,140,2,57,103,213,214
0,3,12,117,121,211,55,112,130,138,214
0,3,12,15,88,112,41,64,72,130,214
1,57,88,93,112,140,68,94,131,139,208
1,12,41,116,140,141,21,31,88,210,212
1,54,61,70,130,211,67,106,119,126,214
1,3,116,128,140,209,70,110,133,213,214
1,24,57,70,100,140,12,90,211,212,213
0,12,41,88,130,140,4,62,120,131,208
1,76,88,93,110,119,71,112,130,140,211
1,7,12,70,88,140,18,117,211,212,214
0,78,88,90,107,140,2,57,70,138,209
0,12,68,112,140,142,3,58,137,138,211
0,3,43,68,140,210,61,110,128,131,211
1,14,57,68,131,208,41,46,122,130,207
1,12,57,58,64,140,30,112,210,213,214
0,58,67,78,119,210,13,88,128,138,214
0,12,57,70,88,208,68,76,119,130,214
1,2,41,78,94,138,12,13,68,112,140
0,12,72,86,103,128,14,67,78,110,140
0,57,64,70,131,208,49,62,68,135,210
1,2,4,54,72,93,13,106,140,211,214
1,71,83,94,100,140,12,57,117,138,211
1,41,109,110,122,207,72,112,123,211,212
1,78,88,107,128,140,12,18,70,116,213
0,3,41,88,107,140,70,78,110,128,213
1,41,55,107,109,140,94,112,131,208,211
1,107,109,135,139,214,12,94,117,211,213
1,12,58,67,107,140,94,103,211,213,214
0,12,18,68,71,110,2,4,117,140,214
1,54,64,130,131,208,70,209,211,213,214
1,54,67,78,130,140,73,88,94,138,214
1,2,57,112,137,138,12,103,110,120,140
0,12,41,67,130,140,57,68,112,208,214
1,54,64,78,119,130,3,67,110,112,140
0,12,57,70,109,140,54,55,107,135,211
0,12,13,55,70,119,42,54,64,78,138
0,57,68,117,213,214,107,112,131,208,211
1,2,12,13,58,140,128,138,211,212,214
1,12,13,70,133,140,110,128,138,211,214
0,12,55,112,130,212,41,57,100,140,214
1,18,100,117,130,214,70,71,140,210,211
0,3,67,112,130,140,13,41,100,213,214
1,2,4,93,128,140,70,99,100,130,214
1,12,67,110,112,140,63,88,130,213,214
1,14,57,70,88,135,54,93,123,140,211
1,54,55,70,72,130,2,69,112,212,213
0,12,58,107,116,140,57,68,112,213,214
1,12,110,116,128,138,2,14,130,213,214
1,21,68,70,123,214,54,107,118,208,211
1,54,88,93,130,212,100,107,112,131,208
1,83,100,107,140,214,12,57,117,211,213
0,12,64,70,123,140,41,68,94,138,214
0,62,67,78,123,138,14,88,110,140,214
0,18,70,88,107,214,55,128,130,135,211
0,3,12,68,112,140,57,88,118,119,139
0,42,68,72,117,136,83,122,130,207,211
1,68,94,112,122,207,12,107,209,211,213
0,64,72,78,128,130,14,67,70,123,207
1,70,78,88,110,138,2,13,92,103,214
0,18,22,70,98,211,4,54,109,122,207
1,3,54,94,140,211,12,88,130,139,213
1,67,103,107,122,207,94,100,112,140,214
0,3,67,78,117,213,12,112,140,210,211
1,70,72,88,130,136,83,122,207,210,211
1,67,78,90,107,140,54,57,116,137,213
0,3,21,41,93,133,14,110,131,208,211
0,12,68,117,130,140,70,88,107,131,208
1,93,100,135,139,212,22,54,118,210,211
1,12,54,94,95,140,3,88,112,135,214
1,3,58,100,131,208,103,112,140,211,214
0,2,78,98,130,138,68,107,112,213,214
1,14,100,110,131,208,39,112,140,211,214
0,12,67,107,112,207,41,88,110,119,214
0,12,24,68,138,212,14,107,116,140,214
0,64,70,93,140,210,12,94,112,208,211
0,12,64,112,130,135,2,42,98,213,214
0,41,72,100,107,214,64,94,112,131,208
1,15,18,40,70,211,2,57,128,140,214
1,22,64,70,123,131,54,57,100,122,208
1,12,42,88,139,213,3,112,130,140,211
1,2,50,57,93,138,94,131,139,208,215
0,16,68,72,110,112,18,122,130,207,211
0,15,43,100,112,131,3,93,103,119,211
0,31,57,88,136,140,2,90,107,137,138
0,15,30,87,117,131,56,83,93,140,210
1,41,55,70,114,207,4,112,121,211,214
0,34,41,65,109,214,12,15,112,210,211
0,55,57,112,137,138,60,70,94,131,208
1,3,54,72,123,211,12,67,94,128,213
0,14,68,107,137,140,12,57,88,112,213
0,42,68,70,135,214,36,128,130,131,208
0,3,36,78,112,207,68,103,119,130,136
1,2,18,57,112,137,12,39,68,107,140
0,67,78,107,112,140,14,18,57,137,211
1,12,14,18,57,64,3,67,90,130,140
1,78,107,109,125,140,14,18,70,211,214
1,12,94,100,128,135,93,112,123,140,211
0,57,70,72,88,212,36,54,94,122,207
1,49,67,123,140,209,14,121,130,131,211
1,4,48,84,88,128,18,54,67,70,207
1,25,48,83,100,212,13,70,88,140,214
1,40,64,70,107,121,43,100,130,140,214
1,3,83,100,107,140,2,12,18,70,212
0,2,54,57,92,142,14,88,107,122,207
1,2,70,110,131,208,55,112,130,140,212
1,12,54,100,110,140,18,57,117,211,214
1,2,70,72,75,112,54,68,107,140,214
0,12,57,68,70,140,14,135,209,211,214
0,54,57,68,72,93,2,130,131,139,140
0,12,52,65,112,138,26,68,72,117,212
1,30,70,118,123,140,54,57,67,122,207
1,12,57,64,72,112,14,30,123,140,214
0,30,54,123,137,138,57,78,112,140,211
1,14,53,94,109,207,39,117,123,205,211
0,14,72,107,109,212,93,117,123,207,211
1,2,4,78,128,135,3,93,133,140,209
0,68,107,117,122,207,70,110,131,208,211
1,70,72,123,139,211,90,100,130,138,214
0,2,94,103,140,214,88,112,130,131,208
0,54,78,94,116,138,100,122,130,139,207
1,68,98,107,121,128,57,117,122,207,211
0,2,57,78,98,208,68,128,130,140,207
1,13,43,70,72,100,2,4,54,122,207
0,55,57,117,131,208,54,78,119,211,212
1,4,88,112,119,214,13,14,137,138,211
0,4,12,112,140,211,18,100,141,212,214
1,15,100,117,126,214,93,95,96,130,207
1,12,15,58,67,123,57,72,88,112,214
0,48,54,110,131,211,2,93,112,130,207
1,12,14,18,135,211,57,68,112,140,214
1,8,55,107,131,208,112,122,130,207,211
0,2,70,107,119,214,12,130,135,210,211
1,70,100,107,121,122,2,54,130,131,208
1,12,14,57,88,119,50,70,114,140,214
1,2,18,54,57,214,12,41,100,110,212
0,64,103,107,137,140,112,130,208,211,214
0,14,64,98,121,212,43,100,128,130,207
1,3,54,67,93,207,70,72,130,211,212
0,14,64,90,107,207,54,120,130,131,208
1,64,72,112,141,214,88,137,139,140,212
0,112,121,130,131,211,41,64,122,207,212
0,12,68,90,110,140,93,103,130,211,213
0,5,12,98,112,140,18,54,107,116,214
1,68,70,107,117,135,2,18,130,209,214
1,67,70,71,93,135,21,103,128,211,214
1,18,54,67,78,130,14,88,93,140,212
0,43,70,72,88,130,54,67,110,131,208
0,2,13,122,128,207,21,54,120,212,214
0,12,70,88,130,140,68,90,94,131,138
1,15,68,128,130,214,21,112,123,131,211
1,58,78,100,140,141,12,13,88,139,212
1,21,64,76,123,214,100,107,112,131,208
1,2,15,107,131,141,68,93,112,119,212
1,36,54,118,130,208,90,107,140,211,214
1,100,107,128,140,214,14,57,131,208,211
0,14,88,110,140,214,60,107,112,131,208
0,13,39,68,72,93,15,57,78,90,211
1,64,103,107,137,140,18,36,112,141,214
1,2,7,117,137,212,68,112,122,130,207
1,49,55,112,130,140,70,97,100,122,207
0,12,15,18,112,211,2,54,130,140,214
0,12,54,67,130,140,2,18,94,125,214
1,12,54,65,107,215,4,100,117,140,214
1,2,43,121,130,131,70,80,122,207,211
1,18,39,86,140,214,51,55,112,131,212
1,9,12,52,121,212,55,70,123,140,211
0,3,12,61,112,211,43,100,107,138,214
1,2,57,70,117,138,130,140,210,214,215
0,12,36,110,112,119,14,30,107,121,131
1,12,64,107,139,140,57,109,112,121,214
1,12,68,103,110,138,67,94,112,137,140
1,54,67,93,107,140,18,57,112,137,211
1,54,116,121,130,131,14,88,140,143,212
0,88,98,107,137,138,15,55,110,117,214
1,2,12,63,107,140,14,68,130,137,138
0,12,14,94,100,140,3,55,117,121,214
1,3,103,120,140,214,70,121,123,131,211
0,43,87,100,112,119,3,14,18,212,215
1,12,68,94,117,140,90,130,138,211,214
1,14,87,88,119,214,57,83,100,131,208
1,2,70,107,138,214,12,14,140,210,211
0,14,67,78,119,123,25,48,112,130,211
0,12,18,64,112,130,54,57,100,119,214
1,22,98,100,112,130,41,88,110,122,207
0,12,83,94,100,140,41,57,70,135,214
1,18,94,109,125,214,54,123,137,138,211
0,14,61,100,130,214,12,39,117,140,211
0,12,54,57,64,138,36,112,126,140,214
0,12,18,54,100,107,14,93,123,135,211
1,58,94,100,140,214,88,112,130,131,208
0,68,94,112,122,207,58,123,138,211,214
1,12,18,36,112,130,3,42,100,121,141
0,42,90,112,121,214,50,100,130,131,208
1,66,68,71,121,131,14,70,92,123,211
1,14,20,121,130,131,18,70,97,100,214
0,18,68,78,130,139,4,70,88,140,214
0,12,57,68,117,140,46,107,128,138,214
1,8,14,68,121,214,110,128,131,208,211
0,41,78,121,130,211,68,110,112,207,209
1,4,12,14,68,140,2,138,139,212,214
0,2,70,72,90,141,54,57,100,140,214
1,12,68,107,128,140,2,14,131,142,208
1,43,48,64,110,128,70,88,93,123,212
0,13,122,128,133,207,58,135,210,211,214
1,43,48,57,68,128,14,122,130,207,211
1,2,12,14,57,140,96,100,130,138,214
0,70,100,107,131,208,93,130,139,140,211
0,70,88,107,137,140,54,122,207,210,211
0,12,54,57,138,211,100,107,119,128,214
1,12,13,14,18,88,4,54,116,140,214
0,12,54,67,130,207,78,112,119,123,211
1,4,43,93,100,140,14,48,118,123,211
1,12,14,18,67,140,2,70,208,212,214
1,57,68,128,131,135,14,87,93,119,211
1,12,39,112,116,208,18,122,130,207,211
0,68,93,107,128,140,70,122,123,207,211
1,2,12,18,103,212,112,130,131,135,211
0,12,36,57,112,140,61,100,117,130,214
0,41,48,70,130,131,18,57,64,112,214
0,14,18,25,123,214,12,83,140,210,211
0,12,57,70,120,140,14,100,110,121,214
0,70,78,107,133,140,100,117,130,138,214
1,12,68,107,117,135,2,14,18,83,214
0,2,13,14,18,98,41,68,140,212,214
0,54,57,68,70,140,4,18,67,112,214
1,2,4,14,70,72,13,46,54,140,214
0,49,68,130,135,141,42,100,112,122,207
1,68,107,121,131,139,39,64,123,130,212
0,2,12,87,112,138,57,100,141,207,214
1,93,100,110,119,128,14,107,131,208,211
1,12,13,36,39,207,68,70,137,140,212
1,12,39,61,130,211,68,70,137,138,212
0,39,78,109,119,130,18,70,93,123,211
0,57,64,71,137,140,18,83,100,141,214
1,18,67,93,128,130,2,70,107,122,207
0,54,93,100,130,140,25,48,94,112,211
0,18,41,93,100,107,31,78,123,138,211
0,12,64,94,112,135,54,57,100,121,214
1,68,94,112,140,212,57,58,70,208,211
0,12,18,57,112,211,100,107,137,138,141
1,18,54,64,87,212,123,131,141,208,211
1,12,68,110,117,140,44,112,130,208,211
0,15,20,87,117,137,100,126,139,140,212
0,100,107,137,138,139,41,72,123,211,214
0,41,63,100,137,138,112,114,140,211,214
1,70,88,98,130,140,94,100,112,121,214
1,67,76,121,128,131,2,107,112,140,214
1,2,6,94,131,140,4,48,100,112,214
1,67,70,103,107,140,18,117,130,211,214
1,2,70,107,112,140,18,67,103,130,214
1,14,28,52,72,214,96,131,138,210,211
0,14,49,68,107,138,57,100,131,139,208
0,57,76,93,100,140,2,94,112,121,131
1,12,24,67,107,140,14,18,57,88,214
0,14,67,107,140,214,12,110,128,138,211
0,54,57,68,137,140,12,100,112,138,212
1,6,12,57,100,212,41,68,110,122,207
1,4,100,112,137,140,41,138,141,211,214
0,12,14,18,57,211,62,68,103,119,214
1,18,39,67,93,123,100,107,117,140,214
1,12,43,61,68,123,57,70,100,140,214
1,12,14,18,94,211,100,126,128,138,214
0,18,45,54,67,214,41,64,130,131,135
1,31,48,68,94,131,12,41,57,100,140
0,43,68,72,117,130,70,93,100,207,212
0,2,12,18,112,212,88,103,107,122,207
1,54,57,93,100,138,68,96,130,131,208
1,14,18,68,93,107,3,70,78,133,140
0,18,100,112,118,130,68,70,78,140,210
0,18,49,54,100,110,57,64,128,131,138
1,12,18,83,100,212,6,57,88,140,214
1,12,57,100,112,138,14,68,140,141,214
1,41,57,93,100,119,54,67,107,131,208
1,12,13,43,100,138,18,54,68,94,214
1,62,68,107,138,139,18,70,122,207,211
0,12,57,64,96,140,70,100,107,117,119
1,12,14,138,141,211,68,107,112,140,214
1,41,93,100,119,130,68,112,135,141,214
0,12,13,18,100,112,54,68,140,212,214
0,14,45,107,133,140,70,123,137,138,211
0,3,12,117,140,211,70,88,119,130,214
1,14,57,93,109,140,12,54,130,135,211
0,14,68,70,107,140,18,54,57,67,214
0,4,100,112,137,138,68,78,117,140,141
1,2,18,78,87,112,3,54,100,138,142
1,12,100,107,125,138,14,18,78,94,211
0,68,70,107,117,135,2,14,18,130,214
1,68,72,78,117,130,7,14,100,140,214
1,88,110,112,138,214,100,103,130,131,208
0,52,62,88,121,131,57,100,112,140,214
1,2,14,130,131,138,13,68,112,140,214
1,43,61,100,107,128,54,88,110,140,214
0,14,70,100,110,140,78,112,130,208,211
0,22,68,112,118,130,7,43,100,135,214
1,12,18,58,68,107,21,46,112,126,214
1,100,112,115,121,131,2,58,93,119,212
1,49,68,94,128,140,100,112,121,130,131
0,12,68,103,110,140,4,117,118,208,211
0,7,12,64,112,138,14,100,110,140,214
1,30,52,78,123,138,100,107,139,140,214
0,12,30,41,52,119,14,36,107,131,208
1,18,64,70,93,141,50,52,131,206,208
0,48,68,112,131,141,58,94,100,135,214
1,7,14,78,100,140,36,138,210,211,214
0,50,57,93,100,138,21,68,94,112,214
1,12,73,88,107,138,4,18,83,100,214
1,31,57,88,112,207,52,70,123,131,208
0,2,18,41,137,138,48,68,98,123,131
1,2,18,70,93,130,57,68,117,131,138
0,2,18,78,107,112,12,41,68,130,138
0,39,54,67,93,213,13,100,112,119,214
0,52,54,99,107,131,14,18,57,211,214
1,14,92,93,100,110,2,43,131,139,208
0,58,67,70,103,121,62,68,78,92,123
1,14,15,39,136,211,54,55,131,141,208
1,18,30,61,70,128,14,109,131,140,212
1,14,43,88,117,207,100,107,128,140,214
1,12,14,87,100,140,36,44,57,112,208
1,18,42,64,117,214,30,54,130,140,212
1,12,55,97,117,119,2,54,70,110,208
0,36,94,139,140,212,18,68,112,210,214
1,4,18,68,112,214,14,40,61,210,211
0,31,57,68,121,131,14,78,110,140,211
0,40,70,72,123,211,68,107,117,119,214
1,12,18,100,107,128,2,3,70,140,212
1,54,67,118,123,140,18,68,94,139,214
1,30,41,52,119,136,14,43,137,138,211
1,12,57,86,112,138,2,14,110,140,212
0,68,93,110,112,138,12,94,103,140,211
0,70,72,94,100,128,18,31,68,110,214
0,6,57,68,92,93,2,53,112,130,207
0,3,67,112,121,131,68,103,140,209,212
0,3,18,68,78,92,93,112,123,207,211
0,18,26,54,100,214,68,121,130,131,139
0,3,78,88,92,112,2,12,72,139,212
1,18,54,70,110,120,50,68,122,130,207
1,2,18,57,142,214,12,67,107,112,213
1,70,100,110,112,138,10,50,68,140,214
0,12,18,64,70,107,46,57,58,140,214
1,30,49,50,119,123,52,58,116,121,131
0,4,61,78,100,103,57,68,112,140,212
1,57,100,112,119,131,21,54,68,130,212
0,18,41,67,87,93,62,68,123,131,208
1,67,72,78,128,141,18,93,100,117,212
1,4,15,68,78,112,2,70,93,138,212
1,26,70,78,100,140,2,54,137,138,212
0,60,70,107,121,131,57,64,112,140,214
1,4,12,18,68,128,53,70,94,100,140
0,12,57,98,100,138,70,112,114,140,214
0,3,18,49,67,112,2,43,107,121,131
0,12,70,123,138,211,54,94,109,140,214
0,30,43,48,52,58,28,61,128,213,214
1,41,57,67,207,209,54,72,78,210,211
1,2,14,57,122,207,68,121,128,130,131
1,31,68,107,122,207,18,43,72,209,211
1,100,112,121,131,141,48,68,93,128,211
0,30,79,93,112,140,6,88,110,131,138
0,68,94,124,131,138,12,18,110,117,211
1,12,14,107,133,140,28,87,135,209,214
1,14,57,68,140,214,12,94,138,209,211
1,12,18,54,110,211,84,109,131,139,140
1,12,88,112,138,211,14,100,140,210,214
0,18,30,72,103,131,70,93,101,123,140
0,78,107,112,140,211,68,121,131,141,210
1,12,88,94,121,128,14,57,100,122,207
1,12,15,68,110,117,3,14,72,100,210
1,2,12,18,31,57,14,68,70,94,140
0,12,14,57,61,64,26,54,68,137,138
1,30,52,61,112,131,14,56,93,124,140
1,2,57,78,112,140,18,94,103,211,214
0,18,57,70,90,93,12,87,100,128,138
1,14,100,130,137,138,12,94,112,140,211
1,68,75,103,137,138,43,100,123,140,214
1,6,63,78,100,138,43,90,123,140,214
0,54,67,78,110,138,60,70,94,213,214
0,54,70,72,100,110,68,90,107,140,214
1,70,72,100,107,117,2,92,110,112,214
1,6,64,104,121,131,12,68,70,72,206
0,12,70,75,100,140,68,72,78,107,128
1,2,18,70,78,94,12,68,121,128,130
1,12,58,68,130,138,42,70,100,112,140
0,14,22,57,100,118,12,68,102,110,140
1,57,70,100,102,121,4,12,14,15,211
1,12,57,61,68,102,14,130,140,211,214
0,14,70,90,123,212,68,121,128,130,214
1,18,57,70,93,100,54,90,121,130,131
0,31,48,67,123,131,54,68,87,121,214
0,68,73,93,121,130,99,100,110,117,214
1,18,78,94,100,117,68,73,121,123,214
1,4,68,78,140,209,100,128,130,138,214
0,52,68,107,138,214,14,18,70,210,211
1,4,12,68,117,138,18,112,142,211,214
0,52,57,68,93,138,18,90,210,211,214
0,12,18,68,107,117,128,140,142,211,214
0,57,70,72,100,205,90,122,128,207,212
0,12,68,72,107,112,18,78,94,103,211
1,50,57,90,121,131,31,68,103,130,207
0,57,58,90,121,131,31,88,128,130,207
1,12,57,61,90,128,14,100,130,137,140
1,4,6,12,140,211,14,67,123,131,208
1,12,90,95,121,130,54,68,94,122,207
0,12,30,70,103,140,13,54,100,137,138
0,12,57,68,117,121,78,90,110,112,140
1,13,54,67,93,138,12,57,90,140,209
0,12,57,100,112,140,41,87,90,131,135
1,41,68,87,131,138,57,100,112,140,214
1,54,57,68,137,138,70,100,110,140,214
0,12,18,54,67,130,3,70,121,123,211
1,12,18,68,75,123,54,78,94,140,211
0,12,18,54,90,130,3,68,112,121,141
0,1,12,68,112,121,64,70,123,139,212
0,12,14,15,123,211,64,72,110,139,214
0,57,64,93,102,140,14,72,95,210,214
0,12,14,18,87,90,68,78,107,140,209
1,26,100,137,138,139,6,75,140,211,214
0,12,14,18,88,107,68,90,94,137,138
0,18,31,68,94,118,12,57,61,90,139
1,3,52,90,94,121,6,87,137,208,211
0,70,100,107,121,131,68,94,135,142,209
1,12,14,57,100,121,6,68,140,141,214
1,54,67,72,118,128,70,94,100,140,214
0,68,78,94,112,140,72,100,103,110,118
0,14,67,92,141,214,112,137,138,211,212
0,3,4,39,68,72,12,18,57,100,112
0,75,78,92,100,110,57,72,90,112,137
1,3,41,90,135,214,4,112,137,140,211
1,12,123,128,140,211,90,110,112,138,214
1,14,57,60,65,143,4,68,102,121,131
0,60,65,70,72,143,68,92,103,110,131
0,41,68,78,140,141,2,4,98,138,214
0,41,70,90,94,138,4,31,60,140,214
0,6,42,68,70,140,90,128,130,138,214
1,14,72,88,118,212,2,70,121,141,214
0,3,43,72,90,128,58,64,94,121,131
1,12,61,90,100,130,54,68,78,94,140
1,54,57,93,100,140,4,68,96,131,208
0,3,12,88,96,140,54,78,100,121,141
0,43,48,54,57,68,39,58,70,93,140
0,18,43,68,78,141,2,57,112,121,214
1,12,43,46,70,123,4,68,112,137,140
0,57,75,90,93,140,78,94,100,112,138
1,57,68,72,78,112,90,93,94,103,140
1,12,68,99,112,141,38,54,70,100,212
0,62,72,100,118,130,12,18,90,140,212
1,2,12,43,110,121,62,72,90,94,118
1,2,3,12,58,121,57,90,103,138,214
0,2,72,76,107,214,13,99,112,131,211
0,12,54,67,135,141,6,72,87,100,212
0,13,14,100,121,131,68,90,93,135,141
0,14,22,67,118,123,54,57,68,121,122
0,57,68,121,122,139,2,70,94,131,208
0,14,88,107,135,209,67,103,110,122,207
0,2,12,14,107,135,68,103,110,213,214
1,88,90,110,121,131,14,57,68,213,214
0,2,70,94,121,131,4,68,90,140,214
0,2,14,131,141,208,121,128,211,212,214
0,2,31,94,131,208,14,68,93,110,213
0,2,13,14,131,208,4,67,90,213,214
0,54,57,100,121,214,31,76,90,207,210
0,70,72,100,128,130,31,52,64,76,207
1,43,52,64,72,78,100,128,130,137,140
1,12,39,68,130,138,18,22,43,211,214
0,68,70,94,112,135,13,52,100,140,214
0,6,70,100,107,135,58,68,94,140,214
1,13,43,70,100,140,68,76,123,135,214
1,13,70,90,121,122,21,54,94,100,214
0,14,68,92,110,122,3,54,90,121,131
0,2,54,57,121,214,12,90,123,138,211
0,57,88,112,121,131,50,90,93,138,141
1,12,22,103,123,211,57,67,112,121,214
1,57,68,72,78,103,12,67,112,121,130
1,2,14,18,57,209,52,68,130,137,138
1,3,94,100,139,140,68,112,121,130,136
1,14,16,87,100,140,68,117,121,122,130
0,12,68,70,110,121,54,140,210,211,214
0,12,68,70,72,107,54,87,140,211,214
0,68,107,112,137,138,64,72,94,139,214
0,12,67,123,139,140,54,72,87,211,214
0,26,72,100,112,118,54,87,95,140,214
0,31,57,68,121,122,14,72,95,98,210
0,14,65,68,94,207,88,107,131,139,208
1,12,54,62,67,138,18,90,100,110,137
1,12,18,57,100,139,14,68,94,122,207
1,54,57,68,118,121,6,12,90,94,208
1,52,98,121,126,139,14,57,72,137,211
1,2,52,92,94,131,14,68,75,121,137
0,68,92,93,107,139,112,118,121,141,211
1,7,52,112,118,121,57,100,117,122,208
1,54,57,100,135,209,2,112,118,121,212
0,54,57,98,100,208,2,112,118,121,212
0,12,14,18,90,94,39,52,70,140,214
0,12,39,57,90,140,70,112,121,210,214
0,12,18,90,94,128,52,70,140,210,214
0,18,58,90,94,214,12,70,112,140,210
0,12,75,100,139,140,52,90,121,141,214
0,4,43,49,52,119,54,67,121,123,131
0,68,70,107,112,119,22,52,123,211,214
0,22,43,68,118,141,54,57,92,131,211
1,12,18,54,57,100,68,94,112,138,214
1,1,41,52,140,214,18,70,112,123,211
0,14,92,94,100,131,54,57,68,137,140
0,14,94,100,122,207,54,68,121,130,214
1,43,88,94,122,207,13,52,112,140,209
0,18,38,70,83,100,2,4,78,112,213
1,2,90,94,122,207,70,100,107,140,209
1,2,4,78,90,121,31,72,100,209,212
1,18,54,67,70,110,2,14,57,135,214
0,6,12,57,90,135,54,100,115,121,122
1,100,110,121,122,128,90,112,141,213,214
1,3,70,88,112,121,58,90,212,213,214
0,50,57,90,122,207,18,88,112,115,214
0,12,68,94,112,119,41,57,92,100,214
0,41,92,94,100,137,57,90,112,122,207
1,18,25,43,48,100,57,58,72,78,90
0,4,12,58,68,140,92,112,118,123,211
1,13,54,68,122,207,90,94,112,137,140
0,12,54,68,135,212,14,94,100,138,214
0,50,57,100,137,140,4,15,68,112,214
1,41,57,68,131,208,43,52,94,140,214
0,12,70,100,110,140,68,94,112,138,214
0,12,14,18,68,141,31,94,100,140,214
0,12,13,18,54,68,100,112,140,141,214
0,41,57,64,118,121,68,94,112,137,140
0,3,90,112,121,214,100,103,110,122,207
1,14,68,94,137,140,57,64,112,138,214
0,12,52,75,112,140,58,100,107,138,214
1,18,68,106,137,141,14,54,63,100,207
1,18,60,75,112,214,14,92,110,118,211
1,14,57,100,118,138,18,68,110,112,214
0,57,68,112,122,207,75,137,140,209,211
0,50,70,114,140,214,58,100,122,141,207
0,54,94,100,122,207,55,64,121,141,214
0,64,94,98,121,214,54,100,122,130,207
1,12,54,100,130,140,90,94,112,138,214
0,52,75,92,100,122,14,57,68,136,140
0,12,54,68,92,141,72,100,107,128,137
1,18,41,57,90,118,12,68,75,112,140
0,43,68,107,121,131,94,100,112,208,214
0,100,112,115,121,122,90,103,130,131,208
0,2,12,39,121,212,57,90,112,140,214
1,88,92,93,94,141,70,78,110,112,140
